/* Replace with your SQL commands */

-- ### PART 1 - INSERT DATA
INSERT INTO public.credentials (id, username, email, password, role, first_name, last_name, phone, last_login, created_at)
VALUES
    (1, 'ad', 'admin@example.com', 'ad', 'admin', NULL, NULL, NULL, NULL, '2023-07-19 19:55:35'),
    (2, 'op', 'operator@example.com', 'op', 'operator', NULL, NULL, NULL, NULL, '2023-07-19 19:55:35');

INSERT INTO public.customers (customerid, customername, customeruuid, dateofbirth, balance, encryptiontype, createdat, lastmodified, isactive)
VALUES
    (1, 'John Doe', '12345678', '2023-07-12', 332, 'AES', '2023-01-01 00:29:33', '2023-07-12 12:25:22', true),
    (2, 'Jane Smith', '87654321', '1985-05-10', 210, 'DES', '2023-01-01 00:29:33', '2023-07-06 08:01:06', false),
    (3, 'David Johnson', '98765432', '1992-07-15', 228, 'Twofish', '2023-01-01 00:29:33', '2023-07-06 03:13:18', false),
    (4, 'Sarah Williams', '54321678', '1988-03-22', 291, 'RSA', '2023-01-01 00:29:33', '2023-07-04 21:22:24', true),
    (5, 'Michael Brown', '87651234', '1995-11-30', 247, 'AES', '2023-01-01 00:29:33', '2023-07-06 02:50:33', true),
    (6, 'Emily Davis', '65432187', '1993-09-05', 135, 'DES', '2023-01-01 00:29:33', '2023-07-02 00:29:33', true),
    (7, 'Christopher Wilson', '34567891', '1991-04-18', 306, 'Twofish', '2023-01-01 00:29:33', '2023-07-02 00:29:33', false),
    (8, 'Olivia Miller', '78912345', '1987-08-12', 251, 'RSA', '2023-01-01 00:29:33', '2023-07-02 00:29:33', true),
    (9, 'Daniel Anderson', '23456789', '1994-06-25', 204, 'AES', '2023-01-01 00:29:33', '2023-07-02 00:29:33', true),
    (10, 'Sophia Thompson', '56789123', '1989-02-08', 191, 'DES', '2023-01-01 00:29:33', '2023-07-02 00:29:33', false),
    (11, 'Leo', '32345678', '2005-05-01', 0, 'RSA', '2023-07-06 08:10:43.496114', '2023-07-06 08:10:43', false);

INSERT INTO public.spots (spotid, spotname, price, isactive, createdat, lastmodified)
VALUES
    (1, 'Ferris Wheel', 10, true, '2023-01-01 00:35:56', '2023-07-02 00:35:56'),
    (2, 'Roller Coaster', 20, true, '2023-01-01 00:35:56', '2023-07-02 00:35:56'),
    (3, 'Water Slide', 15, false, '2023-01-01 00:35:56', '2023-07-02 00:35:56'),
    (4, 'Carousel', 8, false, '2023-01-01 00:35:56', '2023-07-03 01:16:07.620439'),
    (5, 'Haunted House', 12, false, '2023-01-01 00:35:56', '2023-07-03 01:16:23.796785'),
    (6, 'Bumper Cars', 10, true, '2023-01-01 00:35:56', '2023-07-02 00:35:56'),
    (7, 'Merry-Go-Round', 8, false, '2023-01-01 00:35:56', '2023-07-02 00:35:56'),
    (8, 'Giant Swing', 15, true, '2023-01-01 00:35:56', '2023-07-02 00:35:56'),
    (9, 'Teacups', 6, true, '2023-01-01 00:35:56', '2023-07-02 00:35:56'),
    (10, 'Carnival Games', 5, false, '2023-01-01 00:35:56', '2023-07-02 00:35:56'),
    (11, 'Halilintar', 50, false, '2023-07-03 01:18:54', '2023-07-03 01:25:39'),
    (12, 'mancing naga', 100, false, '2023-07-06 08:10:52', '2023-07-06 08:10:52');

INSERT INTO public.deposits (depositid, customerid, amount, deposittimestamp)
VALUES
    (1, 1, 100, '2023-07-02 01:05:36'),
    (2, 2, 50, '2023-07-02 01:05:36'),
    (3, 3, 75, '2023-07-02 01:05:36'),
    (4, 4, 200, '2023-07-02 01:05:36'),
    (5, 5, 150, '2023-07-02 01:05:36'),
    (6, 6, 50, '2023-07-02 01:05:36'),
    (7, 7, 100, '2023-07-02 01:05:36'),
    (8, 8, 75, '2023-07-02 01:05:36'),
    (9, 9, 125, '2023-07-02 01:05:36'),
    (10, 10, 100, '2023-07-02 01:05:36'),
    (11, 1, 50, '2023-07-02 01:05:36'),
    (12, 2, 100, '2023-07-02 01:05:36'),
    (13, 3, 75, '2023-07-02 01:05:36'),
    (14, 4, 150, '2023-07-02 01:05:36'),
    (15, 5, 200, '2023-07-02 01:05:36'),
    (16, 6, 100, '2023-07-02 01:05:36'),
    (17, 7, 125, '2023-07-02 01:05:36'),
    (18, 8, 75, '2023-07-02 01:05:36'),
    (19, 9, 50, '2023-07-02 01:05:36'),
    (20, 10, 100, '2023-07-02 01:05:36'),
    (21, 1, 150, '2023-07-02 01:05:36'),
    (22, 2, 100, '2023-07-02 01:05:36'),
    (23, 3, 200, '2023-07-02 01:05:36'),
    (24, 4, 100, '2023-07-02 01:05:36'),
    (25, 5, 75, '2023-07-02 01:05:36'),
    (26, 6, 50, '2023-07-02 01:05:36'),
    (27, 7, 125, '2023-07-02 01:05:36'),
    (28, 8, 150, '2023-07-02 01:05:36'),
    (29, 9, 75, '2023-07-02 01:05:36'),
    (30, 10, 100, '2023-07-02 01:05:36'),
    (34, 1, 15, '2023-07-06 03:25:56'),
    (35, 2, 10, '2023-07-06 03:27:41'),
    (37, 2, 10, '2023-07-06 08:01:06'),
    (39, 1, 50, '2023-07-06 08:02:17'),
    (41, 1, 10, '2023-07-06 18:43:38'),
    (42, 1, 10, '2023-07-06 18:43:41'),
    (43, 1, 100, '2023-07-12 11:08:45'),
    (44, 1, 10, '2023-07-12 11:21:59'),
    (45, 1, 10, '2023-07-24 01:35:21');

INSERT INTO public.payments (paymentid, customerid, spotid, paymenttimestamp)
VALUES
    (1, 1, 1, '2023-01-02 01:30:24'),
    (2, 1, 2, '2023-02-02 01:30:24'),
    (3, 1, 3, '2023-03-02 01:30:24'),
    (4, 1, 4, '2023-04-02 01:30:24'),
    (5, 1, 5, '2023-05-02 01:30:24'),
    (6, 2, 1, '2023-06-02 01:30:24'),
    (7, 2, 4, '2023-07-02 01:30:24'),
    (8, 2, 5, '2023-08-02 01:30:24'),
    (9, 2, 8, '2023-09-02 01:30:24'),
    (10, 2, 10, '2023-10-02 01:30:24'),
    (11, 3, 2, '2023-11-02 01:30:24'),
    (12, 3, 3, '2023-12-02 01:30:24'),
    (13, 3, 4, '2023-07-02 01:30:24'),
    (14, 3, 7, '2023-07-02 01:30:24'),
    (15, 3, 8, '2023-07-02 01:30:24'),
    (16, 4, 1, '2023-07-02 01:30:24'),
    (17, 4, 4, '2023-07-02 01:30:24'),
    (18, 4, 6, '2023-07-02 01:30:24'),
    (19, 4, 9, '2023-07-02 01:30:24'),
    (20, 4, 10, '2023-07-02 01:30:24'),
    (21, 5, 2, '2023-07-02 01:30:24'),
    (22, 5, 3, '2023-07-02 01:30:24'),
    (23, 5, 4, '2023-07-02 01:30:24'),
    (24, 5, 7, '2023-07-02 01:30:24'),
    (25, 5, 10, '2023-07-02 01:30:24'),
    (26, 6, 1, '2023-07-02 01:30:24'),
    (27, 6, 2, '2023-07-02 01:30:24'),
    (28, 6, 3, '2023-07-02 01:30:24'),
    (29, 6, 8, '2023-07-02 01:30:24'),
    (30, 6, 10, '2023-07-02 01:30:24'),
    (31, 7, 4, '2023-07-02 01:30:24'),
    (32, 7, 5, '2023-07-02 01:30:24'),
    (33, 7, 6, '2023-07-02 01:30:24'),
    (34, 7, 7, '2023-07-02 01:30:24'),
    (35, 7, 9, '2023-07-02 01:30:24'),
    (36, 8, 1, '2023-07-02 01:30:24'),
    (37, 8, 4, '2023-07-02 01:30:24'),
    (38, 8, 6, '2023-07-02 01:30:24'),
    (39, 8, 8, '2023-07-02 01:30:24'),
    (40, 8, 9, '2023-07-02 01:30:24'),
    (41, 9, 1, '2023-07-02 01:30:24'),
    (42, 9, 4, '2023-07-02 01:30:24'),
    (43, 9, 5, '2023-07-02 01:30:24'),
    (44, 9, 6, '2023-07-02 01:30:24'),
    (45, 9, 9, '2023-07-02 01:30:24'),
    (46, 10, 1, '2023-07-02 01:30:24'),
    (47, 10, 2, '2023-07-02 01:30:24'),
    (48, 10, 3, '2023-07-02 01:30:24'),
    (49, 10, 4, '2023-07-02 01:30:24'),
    (50, 10, 5, '2023-07-02 01:30:24'),
    (51, 10, 6, '2023-07-02 01:30:24'),
    (52, 10, 7, '2023-07-02 01:30:24'),
    (53, 10, 8, '2023-07-02 01:30:24'),
    (54, 10, 9, '2023-07-02 01:30:24'),
    (55, 10, 10, '2023-07-02 01:30:24'),
    (59, 1, 1, '2023-07-03 13:49:53'),
    (60, 1, 1, '2023-07-03 13:51:21'),
    (61, 4, 11, '2023-07-04 21:22:12'),
    (62, 4, 11, '2023-07-04 21:22:18'),
    (63, 4, 2, '2023-07-04 21:22:24'),
    (64, 5, 5, '2023-07-04 21:23:03'),
    (65, 5, 11, '2023-07-04 21:23:08'),
    (66, 5, 11, '2023-07-06 02:50:23'),
    (67, 5, 1, '2023-07-06 02:50:33'),
    (68, 1, 1, '2023-07-06 02:50:36'),
    (69, 2, 1, '2023-07-06 02:50:41'),
    (70, 3, 2, '2023-07-06 02:50:46'),
    (71, 3, 4, '2023-07-06 03:10:36'),
    (72, 3, 4, '2023-07-06 03:11:17'),
    (73, 3, 1, '2023-07-06 03:12:10'),
    (74, 3, 1, '2023-07-06 03:13:18'),
    (75, 1, 1, '2023-07-06 08:06:25'),
    (76, 1, 1, '2023-07-06 18:45:35'),
    (77, 1, 1, '2023-07-06 18:45:38'),
    (78, 1, 1, '2023-07-12 11:12:13'),
    (79, 1, 1, '2023-07-12 11:12:20'),
    (80, 1, 1, '2023-07-12 11:12:30'),
    (81, 1, 1, '2023-07-12 11:12:39'),
    (82, 1, 1, '2023-07-24 01:59:11');
    